<annotation>
	<folder>pictures</folder>
	<filename>WIN_20230308_22_13_20_Pro.jpg</filename>
	<path>C:\Users\Avi\Desktop\CSI\CSI 8th Semester\ENS 492\pictures\WIN_20230308_22_13_20_Pro.jpg</path>
	<source>
		<database>Unknown</database>
	</source>
	<size>
		<width>1280</width>
		<height>720</height>
		<depth>3</depth>
	</size>
	<segmented>0</segmented>
	<object>
		<name>glass</name>
		<pose>Unspecified</pose>
		<truncated>0</truncated>
		<difficult>0</difficult>
		<bndbox>
			<xmin>359</xmin>
			<ymin>244</ymin>
			<xmax>545</xmax>
			<ymax>528</ymax>
		</bndbox>
	</object>
	<object>
		<name>aluminum</name>
		<pose>Unspecified</pose>
		<truncated>0</truncated>
		<difficult>0</difficult>
		<bndbox>
			<xmin>411</xmin>
			<ymin>110</ymin>
			<xmax>593</xmax>
			<ymax>343</ymax>
		</bndbox>
	</object>
	<object>
		<name>aluminum</name>
		<pose>Unspecified</pose>
		<truncated>0</truncated>
		<difficult>0</difficult>
		<bndbox>
			<xmin>598</xmin>
			<ymin>180</ymin>
			<xmax>770</xmax>
			<ymax>422</ymax>
		</bndbox>
	</object>
	<object>
		<name>plastic</name>
		<pose>Unspecified</pose>
		<truncated>0</truncated>
		<difficult>0</difficult>
		<bndbox>
			<xmin>725</xmin>
			<ymin>316</ymin>
			<xmax>906</xmax>
			<ymax>529</ymax>
		</bndbox>
	</object>
	<object>
		<name>plastic</name>
		<pose>Unspecified</pose>
		<truncated>0</truncated>
		<difficult>0</difficult>
		<bndbox>
			<xmin>841</xmin>
			<ymin>56</ymin>
			<xmax>1060</xmax>
			<ymax>369</ymax>
		</bndbox>
	</object>
</annotation>
