<annotation>
	<folder>pictures</folder>
	<filename>WIN_20230308_22_25_45_Pro.jpg</filename>
	<path>C:\Users\Avi\Desktop\CSI\CSI 8th Semester\ENS 492\pictures\WIN_20230308_22_25_45_Pro.jpg</path>
	<source>
		<database>Unknown</database>
	</source>
	<size>
		<width>1280</width>
		<height>720</height>
		<depth>3</depth>
	</size>
	<segmented>0</segmented>
	<object>
		<name>plastic</name>
		<pose>Unspecified</pose>
		<truncated>0</truncated>
		<difficult>0</difficult>
		<bndbox>
			<xmin>494</xmin>
			<ymin>392</ymin>
			<xmax>763</xmax>
			<ymax>511</ymax>
		</bndbox>
	</object>
	<object>
		<name>plastic</name>
		<pose>Unspecified</pose>
		<truncated>0</truncated>
		<difficult>0</difficult>
		<bndbox>
			<xmin>212</xmin>
			<ymin>251</ymin>
			<xmax>444</xmax>
			<ymax>370</ymax>
		</bndbox>
	</object>
	<object>
		<name>paper</name>
		<pose>Unspecified</pose>
		<truncated>0</truncated>
		<difficult>0</difficult>
		<bndbox>
			<xmin>244</xmin>
			<ymin>392</ymin>
			<xmax>430</xmax>
			<ymax>556</ymax>
		</bndbox>
	</object>
	<object>
		<name>glass</name>
		<pose>Unspecified</pose>
		<truncated>0</truncated>
		<difficult>0</difficult>
		<bndbox>
			<xmin>460</xmin>
			<ymin>60</ymin>
			<xmax>722</xmax>
			<ymax>227</ymax>
		</bndbox>
	</object>
	<object>
		<name>aluminum</name>
		<pose>Unspecified</pose>
		<truncated>0</truncated>
		<difficult>0</difficult>
		<bndbox>
			<xmin>538</xmin>
			<ymin>247</ymin>
			<xmax>711</xmax>
			<ymax>352</ymax>
		</bndbox>
	</object>
	<object>
		<name>aluminum</name>
		<pose>Unspecified</pose>
		<truncated>0</truncated>
		<difficult>0</difficult>
		<bndbox>
			<xmin>277</xmin>
			<ymin>133</ymin>
			<xmax>439</xmax>
			<ymax>228</ymax>
		</bndbox>
	</object>
</annotation>
