<annotation>
	<folder>pictures</folder>
	<filename>WIN_20230308_22_26_58_Pro.jpg</filename>
	<path>C:\Users\Avi\Desktop\CSI\CSI 8th Semester\ENS 492\pictures\WIN_20230308_22_26_58_Pro.jpg</path>
	<source>
		<database>Unknown</database>
	</source>
	<size>
		<width>1280</width>
		<height>720</height>
		<depth>3</depth>
	</size>
	<segmented>0</segmented>
	<object>
		<name>paper</name>
		<pose>Unspecified</pose>
		<truncated>0</truncated>
		<difficult>0</difficult>
		<bndbox>
			<xmin>558</xmin>
			<ymin>243</ymin>
			<xmax>727</xmax>
			<ymax>463</ymax>
		</bndbox>
	</object>
	<object>
		<name>aluminum</name>
		<pose>Unspecified</pose>
		<truncated>0</truncated>
		<difficult>0</difficult>
		<bndbox>
			<xmin>300</xmin>
			<ymin>397</ymin>
			<xmax>414</xmax>
			<ymax>488</ymax>
		</bndbox>
	</object>
	<object>
		<name>aluminum</name>
		<pose>Unspecified</pose>
		<truncated>0</truncated>
		<difficult>0</difficult>
		<bndbox>
			<xmin>170</xmin>
			<ymin>86</ymin>
			<xmax>291</xmax>
			<ymax>189</ymax>
		</bndbox>
	</object>
	<object>
		<name>glass</name>
		<pose>Unspecified</pose>
		<truncated>0</truncated>
		<difficult>0</difficult>
		<bndbox>
			<xmin>83</xmin>
			<ymin>213</ymin>
			<xmax>257</xmax>
			<ymax>297</ymax>
		</bndbox>
	</object>
	<object>
		<name>plastic</name>
		<pose>Unspecified</pose>
		<truncated>0</truncated>
		<difficult>0</difficult>
		<bndbox>
			<xmin>132</xmin>
			<ymin>338</ymin>
			<xmax>282</xmax>
			<ymax>426</ymax>
		</bndbox>
	</object>
	<object>
		<name>plastic</name>
		<pose>Unspecified</pose>
		<truncated>0</truncated>
		<difficult>0</difficult>
		<bndbox>
			<xmin>140</xmin>
			<ymin>460</ymin>
			<xmax>296</xmax>
			<ymax>551</ymax>
		</bndbox>
	</object>
</annotation>
