<annotation>
	<folder>pictures</folder>
	<filename>WIN_20230308_22_25_41_Pro.jpg</filename>
	<path>C:\Users\Avi\Desktop\CSI\CSI 8th Semester\ENS 492\pictures\WIN_20230308_22_25_41_Pro.jpg</path>
	<source>
		<database>Unknown</database>
	</source>
	<size>
		<width>1280</width>
		<height>720</height>
		<depth>3</depth>
	</size>
	<segmented>0</segmented>
	<object>
		<name>plastic</name>
		<pose>Unspecified</pose>
		<truncated>0</truncated>
		<difficult>0</difficult>
		<bndbox>
			<xmin>496</xmin>
			<ymin>384</ymin>
			<xmax>762</xmax>
			<ymax>515</ymax>
		</bndbox>
	</object>
	<object>
		<name>plastic</name>
		<pose>Unspecified</pose>
		<truncated>0</truncated>
		<difficult>0</difficult>
		<bndbox>
			<xmin>211</xmin>
			<ymin>247</ymin>
			<xmax>446</xmax>
			<ymax>380</ymax>
		</bndbox>
	</object>
	<object>
		<name>paper</name>
		<pose>Unspecified</pose>
		<truncated>0</truncated>
		<difficult>0</difficult>
		<bndbox>
			<xmin>243</xmin>
			<ymin>396</ymin>
			<xmax>428</xmax>
			<ymax>556</ymax>
		</bndbox>
	</object>
	<object>
		<name>aluminum</name>
		<pose>Unspecified</pose>
		<truncated>0</truncated>
		<difficult>0</difficult>
		<bndbox>
			<xmin>274</xmin>
			<ymin>128</ymin>
			<xmax>440</xmax>
			<ymax>226</ymax>
		</bndbox>
	</object>
	<object>
		<name>aluminum</name>
		<pose>Unspecified</pose>
		<truncated>0</truncated>
		<difficult>0</difficult>
		<bndbox>
			<xmin>540</xmin>
			<ymin>246</ymin>
			<xmax>713</xmax>
			<ymax>353</ymax>
		</bndbox>
	</object>
	<object>
		<name>glass</name>
		<pose>Unspecified</pose>
		<truncated>0</truncated>
		<difficult>0</difficult>
		<bndbox>
			<xmin>463</xmin>
			<ymin>59</ymin>
			<xmax>725</xmax>
			<ymax>228</ymax>
		</bndbox>
	</object>
</annotation>
