<annotation>
	<folder>pictures</folder>
	<filename>WIN_20230308_22_13_24_Pro.jpg</filename>
	<path>C:\Users\Avi\Desktop\CSI\CSI 8th Semester\ENS 492\pictures\WIN_20230308_22_13_24_Pro.jpg</path>
	<source>
		<database>Unknown</database>
	</source>
	<size>
		<width>1280</width>
		<height>720</height>
		<depth>3</depth>
	</size>
	<segmented>0</segmented>
	<object>
		<name>glass</name>
		<pose>Unspecified</pose>
		<truncated>0</truncated>
		<difficult>0</difficult>
		<bndbox>
			<xmin>351</xmin>
			<ymin>242</ymin>
			<xmax>552</xmax>
			<ymax>549</ymax>
		</bndbox>
	</object>
	<object>
		<name>aluminum</name>
		<pose>Unspecified</pose>
		<truncated>0</truncated>
		<difficult>0</difficult>
		<bndbox>
			<xmin>413</xmin>
			<ymin>104</ymin>
			<xmax>587</xmax>
			<ymax>335</ymax>
		</bndbox>
	</object>
	<object>
		<name>aluminum</name>
		<pose>Unspecified</pose>
		<truncated>0</truncated>
		<difficult>0</difficult>
		<bndbox>
			<xmin>594</xmin>
			<ymin>179</ymin>
			<xmax>774</xmax>
			<ymax>422</ymax>
		</bndbox>
	</object>
	<object>
		<name>plastic</name>
		<pose>Unspecified</pose>
		<truncated>0</truncated>
		<difficult>0</difficult>
		<bndbox>
			<xmin>723</xmin>
			<ymin>304</ymin>
			<xmax>916</xmax>
			<ymax>554</ymax>
		</bndbox>
	</object>
	<object>
		<name>plastic</name>
		<pose>Unspecified</pose>
		<truncated>0</truncated>
		<difficult>0</difficult>
		<bndbox>
			<xmin>845</xmin>
			<ymin>66</ymin>
			<xmax>1064</xmax>
			<ymax>393</ymax>
		</bndbox>
	</object>
</annotation>
